3088,51689
3334,49567
6406,49264
6086,46926
5798,44721
5590,44790
5462,42956
5262,41675
5006,40169
4782,39551
4678,38701
4526,36394
4422,34971
4334,35539
4282,34238
4126,33224
3870,31638
4733,30909
4573,30106
4437,29658
4261,29769
4205,28052
4101,27308
4037,27341
3917,25588
3773,24267
3717,24217
3605,23204
3549,24134
3481,22660
3409,22193
3385,22017
3345,21637
3309,21319
3295,22165
3089,19971
6599,20906
6279,20719
5927,19301
5703,18676
5479,18273
5327,17276
5007,16647
4831,16992
4679,16269
4527,15511
4423,15149
4335,13803
4283,14677
4031,14014
3823,13728
4670,13776
4566,13230
4406,12964
4246,12175
4150,12133
4062,11722
4034,11376
3854,11098
3758,10031
3646,9759
3574,10953
3546,10203
3450,9207
3410,10734
3382,9011
3330,8984
3306,9415
3296,8725
2962,9059
2770,7831
2690,7489
2482,8169
2402,8685
2354,7005
2218,6518
2138,6231
2058,6318
2018,6553
1914,6495
1874,6110
1850,6171
1762,5572
1666,5300
1586,5321
1538,5063
1530,5422
1458,5163
1418,6483
1378,12107
1362,5404
1310,4479
1262,5818
1254,5341
1214,5478
1194,5281
1166,10335
4166,22175
4138,23689
4090,22276
4044,23080
4030,21984
3788,21844
3420,20008
6882,22204
6498,20650
6274,19330
6058,18592
5826,18143
5522,17984
5290,16481
5154,15666
5010,15676
4874,15322
4774,15129
4706,14878
4518,14799
4246,13166
4046,12353
3926,12190
4765,11915
4581,11854
4525,11799
4409,12396
4341,11369
4209,11513
4057,11341
4001,10450
3885,10183
3833,10617
3757,10708
3701,10558
3641,9145
3595,10494
3557,9928
3545,8920
3319,9817
3159,8218
2919,9394
2767,7719
2655,8304
2567,7485
2527,7041
2319,7204
2231,7501
2183,7977
2107,6280
2059,6335
2015,6068
1991,5757
1891,5562
1795,5507
1707,5096
1659,5404
1583,5611
1535,6427
1527,6316
1483,5843
1463,6095
1407,5515
1359,5348
1315,5261
1307,11579
1287,4891
1253,4024
1229,5322
4221,52290
4155,53040
4129,52708
4113,52162
3703,49442
3495,47766
3367,44869
6533,45189
6221,43297
6069,42411
5817,41033
5545,41201
5297,38791
5185,37073
5013,35775
4893,47832
4793,34723
4741,46226
4465,32937
4241,31398
4041,30095
3929,29512
4772,48244
4604,28002
4496,28442
4404,25314
4376,24875
4178,24469
4074,24970
3966,23305
3910,23152
3850,23414
3772,22097
3696,22559
3668,21291
3610,21669
3588,21184
3574,20671
3216,19058
3040,19509
2928,19424
6110,19769
5918,18503
5686,17339
5450,16843
5194,15919
4962,15644
4858,15357
4694,14956
4590,14772
4498,14126
4446,13624
4176,12694
3968,12011
3784,11999
3704,12669
3564,12227
4387,12172
4271,11642
4215,10966
4155,10903
3965,10252
3869,9774
3769,9674
3713,10752
3657,10072
3583,8911
3511,10486
3483,9547
5642,54489
5610,57249
5584,56216
5010,52840
4754,50512
4546,48910
4314,45819
7408,48287
7112,45847
6836,44525
6500,42209
6212,40620
6076,40288
5880,38976
5736,38078
5624,37957
5560,36806
5202,35275
4962,33776
4738,33025
4602,31923
4470,32153
5237,30058
5117,29469
5009,29334
4977,30429
4755,27835
4595,26859
4499,25556
4407,26001
4375,25987
4257,25562
4197,25175
4173,24482
4109,23574
4079,24353
4067,23174
3658,22329
3418,20906
3322,21290
3146,19254
6184,20130
6016,19395
5788,19066
5468,19595
5268,17875
5148,17266
4972,16736
4868,16689
4768,15737
4716,15617
4410,14757
4202,13886
4002,13477
3906,13402
3738,13189
4585,12859
4461,12889
4385,12928
4357,12842
4147,12233
4027,11917
3935,11907
3859,11548
3831,10503
3727,10908
3675,10909
3655,11873
3597,10777
5768,54915
5750,57492
5167,53812
4895,50253
4687,48403
4439,47113
7413,46845
7229,46526
6949,45180
6613,42485
6317,40758
6181,40387
5977,40641
5841,39630
5725,37748
5657,44749
5323,35990
5051,34136
4819,32157
4715,31853
4543,31077
4391,30004
5186,29319
5122,28918
5050,28762
4822,27252
4702,26605
4578,25822
4514,25142
4442,24845
4356,24255
4264,24354
4236,23977
4186,23702
4140,24458
4126,23848
3871,21812
3503,20700
3391,20032
3223,19542
3095,18844
6133,19746
6029,19012
5585,18190
5385,17681
5217,16669
5069,16952
4933,16173
4833,15893
4765,15293
4569,15332
4297,14765
4129,14341
3977,13640
3845,12462
3749,12528
4572,12667
4456,11826
4404,11941
4282,11952
4098,11413
4042,10798
3926,10594
3874,10201
3796,10590
3740,11321
3696,10561
3642,10974
3614,9554
5775,55128
5538,55904
5122,52274
4850,49253
4522,47943
4346,45447
7400,47467
7200,45506
6836,43891
6548,41490
6316,39784
6188,39706
5904,38967
5788,37311
5696,36218
5526,35533
5302,34192
5046,32774
4814,31904
4686,30990
4490,29657
5281,29147
5181,30460
5089,28967
4943,28371
4815,26761
4671,25979
4571,25087
4479,25258
4447,25352
4325,24788
4265,23760
4203,23354
4175,23764
4145,23325
3943,22646
3719,21940
3479,20486
3383,19542
3199,18981
6237,20187
6069,19562
5833,18558
5513,18497
5313,17382
5201,18010
5013,16525
4909,16172
4809,16003
4757,15986
4479,15513
4255,15012
4055,14153
3967,14374
3819,13173
3683,13652
4510,14546
4454,11934
4390,11770
4192,12173
4088,11721
3980,11209
3924,11166
3864,10397
3786,10644
3710,11602
3682,11474
3640,10593
3602,9600
5777,55974
5414,55167
4918,51087
4742,50505
4462,48160
4318,46002
7324,47508
7032,45986
6664,43942
6432,42422
6232,41771
6060,40472
5892,38811
5776,38090
5692,37962
5466,36581
5130,35340
4930,34435
4746,33155
4590,32537
4478,31330
5277,30827
5145,29587
5085,29804
4915,28241
4731,28092
4667,28114
4535,27281
4475,26037
4385,25696
4321,25267
4269,24517
4207,24878
4175,24324
4139,23726
3946,23260
3690,21841
3482,21069
3234,19194
3122,18759
6208,19637
6048,19020
5740,18176
5500,17889
5300,17369
5196,17310
5016,15887
4860,16465
4784,19992
4760,16795
4450,14911
4242,14208
4042,13545
3946,13395
3774,13633
4621,13478
4497,12788
4421,12629
4393,12027
4179,11283
4059,10802
3967,11010
3891,10767
3863,11580
3757,11063
3713,10574
3685,9685
3627,9796
3601,11333
5780,56033
5193,54975
4921,52253
4713,50100
4465,48447
7439,49275
7255,47707
6971,45885
6635,44159
6339,41873
6203,40640
5999,39720
5863,39156
5747,38259
5679,37863
5341,36057
5069,34436
4837,32069
4733,32558
4561,31624
4409,30849
5204,29850
5140,29590
5068,28936
4838,27627
4718,27503
4594,26448
4530,25459
4458,25121
4372,25456
4280,25321
4252,24986
4202,24128
4156,23810
4142,23809
3885,22674
3517,21659
3405,20216
3237,20294
6363,21593
6147,20468
6043,20070
5599,18583
5399,18915
5231,17987
5083,17241
4947,17096
4847,16617
4779,16015
4581,15278
4309,14571
4141,14447
3989,15005
3857,12954
3761,13735
4584,13861
4468,12892
4416,12019
4294,11584
4110,12024
4054,11208
3938,10832
3886,10873
3808,10900
3752,12242
3708,11258
3654,10983
3626,9901
3596,10240
5548,55729
5132,52784
4860,50940
4532,48312
4356,46699
7410,48179
7210,46494
6846,44133
6558,42939
6326,41178
6098,40459
5914,39248
5798,38446
5706,37679
5536,36432
5168,35195
5056,33875
4824,33190
4696,32110
4500,31740
5291,30326
5191,29745
5091,29266
4953,28469
4825,27535
4681,26752
4581,25812
4489,25868
4457,25898
4335,25991
4275,24370
4213,23620
4181,24040
4155,23296
3952,22163
3728,22604
3488,20979
3392,19753
3128,19492
6214,21788
6054,20566
5746,18916
5506,19229
5306,18720
5202,17204
5022,17000
4866,16359
4790,15515
4648,15652
4456,15538
4248,14997
4048,13747
3944,13911
3780,13807
3668,13533
4503,13097
4427,13241
4297,14340
4185,12857
4065,12571
3973,13053
3897,12318
3869,11750
3763,11604
3711,11343
3657,10295
3629,10590
3607,11570
3428,10546
5135,51361
4863,50634
4535,49980
4359,46774
7413,48866
7213,47282
6817,45935
6561,42790
6329,43122
6101,40052
5917,38686
5801,38021
5709,37635
5539,36867
5171,35211
4939,33454
4827,32675
4699,31838
4487,30378
4367,32065
5154,30093
5094,30067
4956,28155
4740,27645
4676,27579
4544,26935
4484,26273
4394,26130
4330,24859
4258,25762
4216,24239
4184,24744
4148,24458
3891,22766
3699,21795
3411,20172
3243,19662
3115,20713
3011,18562
6049,29659
5605,18136
5405,18203
5237,17501
5089,16951
4953,16284
4853,16039
4785,15462
4587,14491
4315,13949
4115,13488
3979,13563
3831,12708
3711,12061
3611,11802
4466,12332
4402,11706
4204,11954
4100,11348
3992,11008
3900,10852
3872,11132
3766,11862
3722,11499
3694,11988
3636,10624
3610,10280
3600,9988
3239,10740
3063,9805
4722,50485
4474,46665
4226,45083
4138,44091
6980,45963
6580,44499
6348,43603
6212,41998
6008,40321
5864,38412
5748,37975
5688,45223
5350,35945
5078,34410
4846,33674
4710,32207
4570,30911
4402,30008
4302,29871
5149,30173
5073,29028
4847,28619
4727,27127
4603,26385
4539,25718
4467,24903
4381,24710
4289,24600
4257,24746
4211,24605
4165,23489
4149,24013
3894,23585
3526,21299
3414,20856
3214,18992
3118,17851
2974,17547
5912,18365
5576,17801
5376,17185
5240,17096
5044,17032
4932,16168
4832,15907
4776,15947
4494,14772
4318,14226
4118,13991
3982,13066
3866,12843
3714,12807
3666,12279
3566,12148
4409,12361
4271,12384
4103,12036
3995,11393
3939,11469
3879,10716
3801,10092
3725,10007
3701,10818
3655,10596
3617,9796
3603,9585
3370,11454
3066,9386
2970,8530
4477,45301
4333,46099
4197,44898
3969,43947
6679,44136
6415,42312
6247,41184
6075,42223
5907,39305
5759,38154
5691,37630
5481,36699
5145,35851
4913,33925
4745,32377
4605,31712
4421,30414
4365,30484
4249,29936
5080,30080
4930,29360
4730,27008
4606,26899
4542,26123
4470,25906
4384,25699
4292,25295
4260,25082
4214,25457
4168,25805
4152,24676
3897,23420
3529,22850
3417,21878
3217,20990
3121,20787
3017,19257
2837,18507
5579,19603
5379,19927
5243,18243
5095,17917
4935,16784
4835,17020
4779,16997
4545,16470
4321,15461
4121,15455
3985,14247
3869,13897
3717,13291
3669,13766
3569,12642
4412,12580
4274,13415
4122,13339
3998,12593
3942,12573
3882,12346
3804,11857
3764,11578
3704,11017
3658,10996
3620,11613
3608,11193
3373,10366
3069,9806
2973,9864
2821,9275
4336,46272
4200,48954
3972,46106
6682,46365
6418,45132
6250,44002
6078,41800
5910,41163
5794,40779
5710,39491
5484,38570
5148,36924
4916,35256
4748,34136
4608,33362
4424,32037
4368,31729
4252,30773
4192,30910
4933,30052
4733,28508
4609,28942
4545,28538
4473,27766
4387,27463
4295,26519
4263,25825
4217,25179
4171,25513
4155,25440
3900,25916
3532,22394
3420,22474
3220,21437
3124,20440
2980,20357
2840,19486
2728,18739
5382,19932
5222,20175
5050,18225
4938,18355
4838,17256
4782,18533
4500,19241
4276,18263
4076,17423
3964,16616
3840,16393
3704,16989
3620,15251
3544,15067
3520,15377
4213,15507
4077,15282
3985,14533
3909,13998
3881,14556
3775,13074
3723,13050
3703,13496
3645,13870
3619,13783
3440,12936
3248,11825
3040,11939
2960,10955
2728,11093
2640,10362
4147,44809
3911,44221
3767,41903
6341,43850
6213,43020
6001,41203
5813,40640
5721,38924
5693,39354
5327,37915
5071,36240
4839,34870
4719,35020
4515,33266
4411,32386
4295,31637
4219,31270
4109,31695
4840,30939
4696,28633
4596,28848
4504,27971
4472,27887
4350,27078
4290,26817
4266,26428
4200,25224
4170,25509
4158,25843
3743,24433
3503,22327
3407,22803
3223,21378
3039,19588
2983,19023
2843,18243
2715,17531
5337,19472
5225,20425
5037,17510
4933,17447
4833,16930
4781,17220
4471,16271
4279,15606
4079,14931
3967,14133
3843,13271
3707,13129
3623,12534
3547,13011
3523,13674
3373,13145
4112,13461
4004,13275
3948,12951
3888,13164
3810,11803
3734,11963
3706,11694
3648,12423
3626,10700
3612,10933
3251,11050
3075,10492
2963,9385
2795,9833
2715,8978
2595,8820
3978,42411
3802,42980
6424,44532
6224,41765
6020,42363
5884,42320
5768,39639
5700,39231
5362,37185
5154,36689
4922,36242
4754,34650
4614,33379
4430,32616
4374,31344
4266,30752
4198,30369
4080,30341
4755,30778
4691,29839
4559,27939
4499,27595
4409,26562
4345,26431
4293,25577
4231,25726
4199,26664
4163,25850
3970,25020
3714,23831
3506,23765
3410,21582
3146,21488
3042,21137
2986,20354
2814,19003
2718,18575
5340,19464
5220,19144
5040,18527
4936,17835
4836,17891
4784,17580
4506,16953
4282,16195
4082,15358
3994,14540
3846,14986
3726,14449
3626,14098
3578,13746
3530,13974
4219,12889
4115,13550
4007,13190
3951,13111
3891,13273
3813,12812
3773,12336
3713,11675
3667,10843
3629,10911
3617,12208
3382,11718
3222,10684
2982,9736
2830,9827
2718,9259
2630,9189
4137,44758
3917,44789
6459,44702
6275,43329
6119,41902
5919,41497
5803,41567
5719,39046
5493,38344
5189,36963
2960,142637
3175,143593
6278,143588
5926,137897
5718,135878
5526,131269
5326,129683
5038,123786
4862,119936
4702,118021
4574,118126
4446,115811
4358,112441
4294,110961
4126,111410
3902,106254
3726,104551
4589,100722
4533,99574
4325,96537
4213,97114
4101,95180
4053,95036
3949,93498
3837,89913
3717,89859
3613,87034
3565,88868
3497,89524
3449,88034
3401,87070
3353,87127
3325,87179
3305,85164
3153,85181
2929,84484
10045,87257
9741,84649
9117,82020
8781,79196
8533,77927
8117,77332
7749,74097
7477,72590
7325,71725
7077,70885
6925,70119
6789,69871
6713,69099
6269,66463
5965,70306
7739,67976
7555,67289
7227,64672
7011,64276
6883,63456
6763,62798
6591,62914
6383,62255
6199,62286
6071,61115
5951,61240
5899,59856
5743,60048
5663,59460
5587,58711
5543,58820
5503,57723
5277,57939
4925,114423
10427,121454
9995,121821
9243,116603
8859,116009
8563,114544
8075,111853
7643,109714
7323,110691
7139,108046
6763,106945
6603,105884
6463,104965
6287,104612
5727,104977
5535,109186
5215,104325
6270,104217
5918,104429
5670,101951
5526,104410
5370,103320
5190,104009
4966,103829
4734,102299
4542,103545
4450,102742
4330,104967
4218,102233
4138,103548
4098,104938
4066,104449
4030,104838
3852,103845
3596,100129
10520,107504
10040,102249
9608,101512
9232,99923
9040,99439
8552,98351
8112,97455
7864,94948
7624,94108
7408,93131
7260,92338
7152,92493
6884,91090
6452,93967
6156,92222
5972,92828
7730,90670
7418,91223
7314,89250
7118,89708
7022,93434
6818,98625
6538,90721
6374,89100
6270,89209
6174,89403
6058,89667
5934,88724
5882,88276
5820,88732
5758,88939
5732,88324
5378,89031
4882,88970
4674,105463
10008,113611
9688,114616
9448,112840
9256,110704
9056,110957
8928,111320
8808,110087
8744,112787
8448,111595
8192,107887
8016,111356
7856,108243
7688,109767
7528,107660
7495,112714
9280,107193
9181,104887
8985,99664
8779,100823
8605,96511
8549,94099
8426,92463
8296,92827
8180,91775
8116,87934
8036,88256
7944,85387
7896,81625
7529,75382
7391,74209
7049,74884
6789,70599
6717,71771
6545,71172
12297,76790
11925,73516
11685,73640
11247,71416
11055,70449
10919,70132
10747,70822
10651,69242
10435,66831
10151,66465
9891,64045
9534,63695
9278,63260
8948,61917
8575,59614
10485,60237
10290,60033
10101,58226
9863,57674
9639,55406
9407,54633
9161,56036
8978,54433
8776,53446
8455,52542
8270,52361
7984,51236
7627,49777
7400,48001
7192,47374
6832,45991
6638,45009
6318,43507
6093,42347
19511,126253
18661,135061
17736,120173
17067,114625
16517,112405
15937,109939
15357,105725
14462,99365
14044,98082
13386,92683
12600,89693
11800,86552
11219,83381
10210,71786
9913,70455
9690,70139
12728,70394
12443,68601
12126,69079
11726,67336
11499,69458
11231,69742
10986,64567
10756,62419
10586,68778
10333,62258
10136,61822
9850,68854
9772,57885
9628,69064
9480,56640
9254,53955
9067,54820
8819,65062
8642,52606
14871,72125
14225,56176
13802,52371
13313,55219
12932,46941
12414,44991
11770,44155
11317,42363
10845,42996
10198,40923
9674,38730
9046,47401
8334,36697
8104,35084
7869,46675
9337,33480
9080,33900
8866,33215
8581,30952
8414,34353
8201,35484
8025,31071
7837,29145
7704,28129
7555,28541
7396,26556
7184,27453
7114,27068
7026,24582
6921,24572
6738,24485
6633,26126
6452,24780
6275,24895
15581,108679
15256,110539
14778,104663
14263,103493
13756,99743
13282,99549
12608,92941
12167,91145
11438,86200
11008,80890
10336,75212
9211,65499
8991,63997
8710,62150
8466,61092
9885,59584
9604,58590
9373,57523
9088,55460
8902,53334
8725,53824
8510,52612
8274,51336
8072,51283
7928,49730
7655,47873
7573,47834
7482,47275
7428,47232
7318,46026
7151,44359
7033,44471
6817,43063
6639,43984
12779,44350
12488,44254
12121,43935
11679,41186
11270,41457
10684,39467
10354,37220
9889,37447
9368,34927
8983,35235
8433,33873
7620,29916
7396,28994
7180,28432
6926,27119
6736,26807
8220,28529
7952,26632
7759,26643
7546,25409
7395,24306
7166,24869
7026,24570
6869,24135
6711,23061
6495,23337
6434,21979
6342,22187
6263,21118
6147,22025
6045,21440
5908,22030
5770,21360
5617,21451
5376,19804
14688,93524
14220,93951
13697,93166
13183,88620
12605,85709
12139,84640
11525,82443
10984,78265
10439,74743
9351,65784
9050,64573
8726,62100
8500,60869
8210,59274
7955,59807
9415,58594
9073,56188
8891,56168
8654,54387
8466,52490
8249,51560
8011,49892
7831,50441
7598,47671
7429,47101
7362,46532
7262,47596
7151,47170
7014,45502
6906,46464
6756,43472
6599,44599
6313,41979
6196,41273
12292,43915
11923,42826
11503,42168
10981,44860
10586,39662
10178,38408
9585,37193
9250,36098
8706,34045
7887,30312
7629,29588
7399,29656
7115,27928
6915,27741
6736,27832
8198,27651
7923,27578
7699,27535
7549,25832
7310,25037
7146,24862
6929,24952
6756,24175
6534,22986
6446,23671
6352,22525
6271,22760
6129,22405
6051,21574
5954,22698
5822,22502
5702,22121
5473,21254
5343,20203
5147,20489
14173,92939
13637,92434
13017,88326
12532,85538
12093,84781
11491,80659
10820,78200
10148,74333
9447,67396
9142,66935
8877,65946
8553,63908
8295,63343
8064,62241
7758,59038
9164,57929
8915,57156
8716,55438
8459,54108
8266,52904
8025,52276
7815,50645
7550,48766
7441,49652
7342,47567
7231,47080
7084,46514
6969,45702
6829,44834
6721,44593
6504,43052
6327,42597
6184,41401
5978,40681
11943,44252
11433,42431
10976,40943
10539,40214
10114,39670
9634,38626
9032,36497
8359,33659
7974,31935
7718,31172
7466,30127
7205,29412
7008,28962
6781,28514
6566,27657
7986,27938
7767,28583
7549,27374
7362,26632
7145,25943
6948,25099
6712,25495
6555,23694
6464,24522
6351,24074
6247,23057
6131,24207
6029,22917
5894,22904
5801,22220
5575,21577
5490,21497
5325,20979
5178,20713
5035,20997
13632,90242
13048,89582
12450,85583
11904,82912
11394,80761
10467,75896
10000,71916
9536,71513
9267,65709
8952,65613
8671,63348
8401,62618
8121,61424
7864,60838
9279,58432
8955,57036
8721,55351
8505,55484
8292,54203
8054,52310
7810,50985
7591,50103
7488,48109
7390,47720
7251,46889
7126,47687
6994,46153
6876,45541
6729,48115
6554,43419
6399,59909
6201,47197
6037,40955
12057,43637
11568,41319
11261,42094
10922,41541
10348,39395
9907,38900
9450,38150
8685,34396
8312,33167
7923,32376
7566,30618
7392,30887
7204,29660
6959,28430
6750,28831
6581,28005
8053,27623
7774,27139
7561,26689
7405,25643
7263,26641
7117,25907
6913,24959
6753,24644
6610,24783
6470,24558
6289,23704
6141,24379
6014,22833
5858,22784
5728,22722
5621,21961
5426,21516
5319,21413
5222,21246
5073,20657
13624,92043
13081,104952
12666,107008
12235,87874
11732,87345
11295,84314
10750,108922
9994,70098
9718,69466
9323,66114
8979,63510
8724,61998
8368,59926
8196,60040
9730,61669
9528,58155
9316,67295
9085,57529
8820,56875
8586,54985
8332,99091
8124,56765
7855,49919
7662,48365
7420,47321
7216,46745
7046,47551
6839,45689
6678,44833
6432,43728
6254,43431
5953,40136
5798,42233
11607,42606
11320,43321
11067,40117
10788,42363
10376,40175
10081,38679
9717,37683
9405,37884
9068,35278
8785,35661
8289,31941
8071,32098
7857,31338
7585,30941
7364,31023
9039,31007
8803,30097
8565,29912
8280,29060
7968,28843
7656,26715
7414,26311
7199,26877
6984,26950
6654,24290
6497,24805
6307,23604
6136,23632
5909,24228
5678,23595
5512,23028
5342,22275
5185,21621
5014,21187
4817,20849
4697,21339
12933,85302
12673,85741
12382,84782
12125,83037
11884,81756
11606,82141
11183,78538
10831,77166
10387,74887
9847,70732
9473,68360
9165,65130
8848,65153
8577,64285
10098,64456
9703,61494
9390,57651
9133,57807
8746,55231
8430,54160
8159,52883
7809,51368
7489,48752
7121,46642
6866,45059
6573,44178
6377,43038
6232,41876
6029,40991
5837,40375
5627,38966
5416,38358
10699,38818
10361,38937
10029,36762
9737,36539
9441,35970
9152,38664
8774,34989
8518,34408
8299,33867
7926,32722
7687,31431
7296,30368
6847,28310
6668,28075
6435,26758
6203,27352
7451,26922
7086,26230
6788,25237
6434,23881
6144,23210
5910,23537
5693,22435
5458,22774
5309,22182
5116,22140
4980,20753
4714,20612
4547,20729
4378,19820
4220,19269
4010,18731
3884,18592
3754,18302
3640,17685
3529,17338
3389,17633
9270,63916
8980,66972
8693,64525
8465,67961
8120,58143
7939,57279
7733,56047
7489,56295
7369,54720
7099,54144
6680,49603
6587,49349
6459,50277
7667,48005
7505,48737
7330,47206
7119,46438
6839,45102
6586,42957
6343,42486
6057,41747
5889,40089
5730,39884
5606,39233
5388,37689
5255,36996
5072,35589
4956,34975
4763,34219
4552,33518
4367,31923
4232,31278
8419,32844
8028,32305
7826,30999
7581,30990
7325,29974
7127,29294
6933,28045
6681,32920
6525,28232
6291,27711
6207,26735
6020,26428
5848,26062
5540,24541
5448,24163
6715,24216
6548,24581
6388,23384
6237,22982
5976,23401
5746,22650
5567,22722
5338,22186
5146,21557
5026,21048
4915,20341
4782,20451
4601,20910
4450,19439
4319,19958
4171,18864
3967,17956
3830,18096
3688,17602
3598,17862
3488,17046
3322,16895
9098,63174
8774,63601
8584,63706
8322,61040
8003,58765
7814,58175
7640,57106
7446,55921
7225,54353
6986,55183
6630,50285
6528,49063
6385,50193
7577,49393
7421,48124
7208,46792
6911,44220
6667,43656
6456,42177
6222,41645
5954,39905
5802,39026
5679,38515
5528,37605
5304,36786
5142,36535
4996,35486
4823,35242
4611,33603
4429,32949
4256,31790
4163,31315
8248,32919
7873,31026
7644,31119
7372,30123
7206,29646
7000,28633
6720,28914
6558,27971
6406,26913
6248,27215
6060,26341
5860,26335
5563,25216
5473,24428
5367,25120
6571,23609
6437,23156
6255,24572
5998,22878
5788,21960
5603,21648
5392,21195
5162,20918
5035,20979
4918,20487
4802,20451
4604,19547
4469,19413
4331,19085
4174,18707
4007,18000
3848,18254
3691,18050
3601,17599
3491,18623
3325,17746
3238,16495
8777,61902
2960,181390
3140,177392
6230,179604
5894,173644
5622,171446
5462,172421
5262,169482
5006,164253
4782,163463
4678,161376
4526,161798
4422,160828
4334,160360
4282,158798
4030,156666
3822,153307
3694,151782
4573,147861
4405,147234
4261,145042
4149,147490
4093,147362
4037,146973
3853,145292
3757,142127
3661,142353
3605,141722
3549,144430
3481,144925
3409,143299
3385,143232
3345,145209
3309,142034
3295,143761
3089,143477
2801,140084
9853,144858
9309,142336
8973,142722
8669,143099
8511,145943
7925,144220
7653,139689
7381,138459
7189,140955
6981,140612
6845,139945
6741,140031
6493,141585
6077,138933
5869,142453
7643,144159
7403,140961
7195,140043
6995,136015
6827,139083
6747,139049
6591,139519
6287,139824
6183,138864
6015,138994
5935,141979
5831,139460
5727,138982
5663,139811
5587,139229
5535,140380
5489,138041
5277,141071
4861,187376
10363,193813
9803,186021
9243,181951
8859,179384
8563,176928
8075,174049
7643,168815
7323,168276
7139,167128
6851,163933
6667,162288
6507,162635
6415,167404
5903,155310
5535,160931
5215,159144
6286,158032
5918,151067
5734,150690
5526,154763
5386,153788
5330,149575
4982,149290
4750,146000
4606,144835
4466,143118
4410,149728
4234,148545
4166,146662
4134,145237
4070,146372
4040,145086
4028,150154
3628,146546
10888,151926
10376,151654
9816,148838
9376,149310
9128,156662
8776,147346
8344,148692
7968,147031
7792,148147
7544,148394
7368,149534
7220,149344
7132,148842
6724,148801
6372,150637
6076,155051
7954,151052
7666,150530
7418,149631
7222,153565
7118,151900
7022,153244
6706,152846
6538,153302
6374,153553
6270,169709
6174,171044
6058,169429
5934,154381
5886,154495
5820,159028
5758,157462
5732,156211
5378,156629
4882,195719
